speaker,phrase,variant,mfcc_1_mean,mfcc_1_std,mfcc_2_mean,mfcc_2_std,mfcc_3_mean,mfcc_3_std,mfcc_4_mean,mfcc_4_std,mfcc_5_mean,mfcc_5_std,mfcc_6_mean,mfcc_6_std,mfcc_7_mean,mfcc_7_std,mfcc_8_mean,mfcc_8_std,mfcc_9_mean,mfcc_9_std,mfcc_10_mean,mfcc_10_std,mfcc_11_mean,mfcc_11_std,mfcc_12_mean,mfcc_12_std,mfcc_13_mean,mfcc_13_std,rolloff_mean,centroid_mean,zcr_mean,rms_mean
arsene,approve,original,-433.0603332519531,98.68161010742188,86.78087615966797,78.50225067138672,17.39820098876953,32.44525909423828,42.77156066894531,36.16883850097656,-1.4248714447021484,21.366287231445312,11.665492057800293,32.562286376953125,4.134092330932617,17.21385955810547,6.335243225097656,8.604043960571289,-7.21993350982666,14.262667655944824,10.886749267578125,10.689711570739746,-5.335239410400391,19.823259353637695,2.4598591327667236,11.616751670837402,1.1739256381988525,10.70514965057373,3925.921630859375,2238.255081517655,0.129150390625,0.023246275261044502
arsene,confirm,original,-450.7735900878906,155.39849853515625,113.13873291015625,54.556671142578125,0.19886764883995056,29.08805274963379,12.843193054199219,22.478269577026367,2.964282512664795,20.25859260559082,12.242775917053223,17.64588165283203,9.506305694580078,13.654224395751953,1.0902329683303833,11.35354995727539,1.039029598236084,10.07095718383789,1.6187338829040527,9.917040824890137,1.5579332113265991,10.029440879821777,12.9766845703125,8.42486572265625,-0.4995741844177246,9.01381778717041,3506.24688331117,1750.4241554362036,0.0718240940824468,0.018868746235966682
arsene,approve,pitch,-419.3323669433594,75.59721374511719,87.06043243408203,84.5256576538086,26.518550872802734,36.17732238769531,40.48910903930664,38.98433303833008,-11.862321853637695,18.92780113220215,6.596615314483643,29.504684448242188,0.6194943785667419,22.885534286499023,2.2090439796447754,15.633309364318848,-5.9473700523376465,11.353501319885254,7.251522064208984,10.794524192810059,-15.538214683532715,21.526695251464844,9.613265991210938,9.647115707397461,-11.923004150390625,12.178834915161133,4137.2589111328125,2397.2298279931847,0.14529854910714285,0.022508909925818443
arsene,approve,stretch,-418.2603759765625,70.53407287597656,91.22952270507812,82.67668151855469,22.49551773071289,30.085826873779297,49.723934173583984,38.28339767456055,-8.076716423034668,20.62908172607422,6.610500335693359,33.99483871459961,0.3637830317020416,19.328523635864258,7.294315814971924,8.185587882995605,-10.408720016479492,13.519352912902832,9.04296875,10.014339447021484,-9.392156600952148,18.9556941986084,0.16700786352157593,12.796457290649414,2.2040748596191406,8.378902435302734,3919.04296875,2245.716502379493,0.13111514136904762,0.02186981774866581
arsene,approve,noise,-277.9314270019531,35.54610061645508,26.705760955810547,36.98406982421875,19.56328582763672,17.258188247680664,17.700763702392578,20.934757232666016,3.6007754802703857,13.960436820983887,2.1082913875579834,14.158026695251465,0.988193929195404,9.357142448425293,1.7878698110580444,5.097590446472168,-1.0723283290863037,7.813527584075928,1.128577709197998,5.84429407119751,-1.5291292667388916,8.775962829589844,-2.293351888656616,7.157481670379639,-0.27873528003692627,6.2359619140625,8097.08251953125,4222.995401757635,0.2754652235243056,0.024748293682932854
arsene,confirm,pitch,-397.8955078125,102.05648803710938,119.37179565429688,49.42241668701172,-9.939760208129883,30.437618255615234,8.794450759887695,22.71404457092285,-3.84670352935791,20.20507049560547,13.862373352050781,14.085708618164062,1.1682441234588623,17.833831787109375,-1.3913629055023193,11.384653091430664,-1.9222092628479004,9.714966773986816,1.9183627367019653,11.848884582519531,5.74774694442749,10.565618515014648,7.666187763214111,7.264594078063965,-18.34742546081543,10.548439025878906,3348.114013671875,1718.0632005148327,0.07613118489583333,0.01907680742442608
arsene,confirm,stretch,-406.8331604003906,109.46803283691406,123.70661163330078,46.94970703125,-3.5764551162719727,26.38378143310547,9.255481719970703,20.587284088134766,-4.589765548706055,20.57135772705078,10.466691970825195,19.489229202270508,6.0373406410217285,15.253729820251465,-0.3936018645763397,10.627787590026855,-2.5667500495910645,10.21718978881836,-1.2023489475250244,9.583035469055176,0.11412995308637619,10.300405502319336,15.367555618286133,7.272956848144531,-1.7372535467147827,7.624485492706299,3200.8707682291665,1636.981938898836,0.07402886284722222,0.015481365844607353
arsene,confirm,noise,-272.86883544921875,39.81885528564453,35.50761032104492,37.13204574584961,11.50812816619873,18.686038970947266,2.2905240058898926,14.465765953063965,0.31134024262428284,13.401387214660645,5.1964616775512695,11.244997024536133,4.478847503662109,6.911710739135742,1.3454135656356812,6.506009578704834,-0.740868091583252,6.367858409881592,0.3428685963153839,4.814316749572754,2.611335515975952,5.997160911560059,4.42138671875,6.411106109619141,0.784220278263092,4.7872819900512695,8215.604222074468,4126.766737871511,0.27403486535904253,0.020654572173953056
hamed,confirm,original,-455.5198059082031,105.10136413574219,137.63284301757812,58.40328598022461,-23.389190673828125,32.32770919799805,28.308643341064453,15.342001914978027,21.41257095336914,16.768131256103516,-2.775860548019409,16.13739776611328,-2.7110636234283447,12.032103538513184,0.4316863715648651,11.6217622756958,-10.888737678527832,10.604011535644531,-6.822764873504639,9.668220520019531,-0.44071921706199646,7.726059913635254,-4.44480037689209,7.273150444030762,-4.884054660797119,6.963033676147461,2585.77880859375,1369.6906701103956,0.06643880208333333,0.020127786323428154
hamed,approve,original,-473.8807678222656,93.2843246459961,117.31513977050781,67.87366485595703,-12.073103904724121,26.211423873901367,28.347553253173828,22.653995513916016,23.594383239746094,14.627057075500488,-2.4864964485168457,19.340015411376953,-6.038935661315918,15.902812957763672,3.7506983280181885,12.237648010253906,-13.624794006347656,9.788454055786133,-7.180389404296875,14.357614517211914,-1.557210087776184,9.8562593460083,-2.760789394378662,9.978788375854492,-1.234006643295288,6.952871322631836,2947.0341796875,1697.0095029024628,0.111298828125,0.019725121557712555
hamed,confirm,pitch,-479.7720642089844,109.4003677368164,135.50584411621094,49.81283950805664,-28.584712982177734,30.995962142944336,35.78561019897461,13.53228759765625,8.80406665802002,16.331911087036133,-6.6704277992248535,14.988321304321289,-4.178870677947998,14.62454891204834,-5.074503421783447,12.273980140686035,-14.200377464294434,12.231085777282715,-0.8921880125999451,8.720333099365234,-2.3458077907562256,6.491638660430908,-4.956591606140137,9.33526611328125,-3.9704620838165283,8.307337760925293,2855.482177734375,1483.086100050715,0.07644449869791667,0.01262678112834692
hamed,confirm,stretch,-474.63037109375,103.28305053710938,142.13246154785156,50.4939079284668,-21.170007705688477,29.13783836364746,26.94508171081543,15.726865768432617,18.931516647338867,16.022974014282227,-2.5641140937805176,14.723783493041992,-2.766728639602661,12.325854301452637,-0.5014576315879822,11.956485748291016,-13.174545288085938,10.436507225036621,-7.88881254196167,8.855250358581543,-0.08732720464468002,7.908209800720215,-4.080402851104736,5.965930938720703,-4.268874645233154,7.023374080657959,2508.8685501453488,1279.7940235551412,0.06215366097383721,0.014272565022110939
hamed,confirm,noise,-276.3208312988281,39.223358154296875,34.47124099731445,34.16669464111328,10.856937408447266,15.243664741516113,8.781740188598633,9.557003021240234,8.495855331420898,8.471031188964844,0.9947763085365295,6.682958602905273,-2.3319106101989746,6.803183078765869,-1.3109403848648071,7.510790824890137,-3.5721774101257324,6.441335678100586,-4.292616844177246,7.607844352722168,-1.7090553045272827,5.071107864379883,-2.042349100112915,4.430614471435547,-3.646639823913574,4.998875617980957,8245.870971679688,4129.3479233185835,0.267724609375,0.02181384712457657
hamed,approve,pitch,-496.68505859375,96.4053955078125,113.26319885253906,66.63651275634766,-11.419290542602539,28.06139373779297,31.948455810546875,24.111520767211914,15.70571231842041,12.313813209533691,-11.233416557312012,19.541839599609375,-5.751925945281982,17.48174476623535,-3.6358895301818848,11.240357398986816,-17.296968460083008,13.085097312927246,0.05576523020863533,12.990976333618164,-3.7371153831481934,11.733780860900879,-4.142560958862305,7.478700637817383,-5.571137428283691,6.5468974113464355,3184.4127308238635,1801.6479884451394,0.1176461884469697,0.015066254884004593
hamed,approve,stretch,-495.8580017089844,91.85369873046875,126.962158203125,68.30384826660156,-11.39909553527832,24.51974868774414,29.7625789642334,23.312807083129883,23.118606567382812,14.416533470153809,-4.171052932739258,19.26192855834961,-7.749537467956543,16.7750186920166,2.8045928478240967,11.48080062866211,-16.257692337036133,9.492420196533203,-8.089996337890625,15.098345756530762,-2.057997226715088,10.09538745880127,-4.16930627822876,9.705551147460938,-1.7177009582519531,5.657926082611084,2832.3744223151407,1602.5986078203568,0.10521429357394366,0.014753645285964012
hamed,approve,noise,-285.6360168457031,38.64942932128906,26.398752212524414,32.845245361328125,11.508353233337402,14.720566749572754,10.117756843566895,12.17333698272705,8.35803508758545,11.537337303161621,0.335267037153244,8.217863082885742,-2.023787260055542,9.698627471923828,-0.21921055018901825,5.524141788482666,-4.426476001739502,5.390488147735596,-5.905162811279297,8.635255813598633,-3.436802864074707,7.007978439331055,-1.6819279193878174,6.00910758972168,-1.7309542894363403,5.158162593841553,8356.60546875,4365.069535428277,0.289541015625,0.021634962409734726
loic,confirm,original,-427.20458984375,76.53156280517578,91.75286865234375,54.165870666503906,27.943904876708984,33.86067581176758,16.523889541625977,23.74407958984375,24.309785842895508,14.437629699707031,10.43770694732666,15.901934623718262,-4.13887357711792,16.76481819152832,7.749578475952148,9.973832130432129,-4.609493732452393,12.528019905090332,2.895273208618164,10.554808616638184,4.82928466796875,9.129388809204102,3.27750563621521,6.88968563079834,-10.425023078918457,8.411872863769531,4386.726442101884,2236.774744103052,0.08885380993150685,0.01854303851723671
loic,approve,original,-476.49993896484375,87.14293670654297,72.50787353515625,54.991363525390625,32.57053756713867,22.29822540283203,30.93195152282715,18.438016891479492,17.11176300048828,19.29144287109375,18.82103157043457,19.959291458129883,-4.67653226852417,18.5690975189209,8.558053016662598,9.763842582702637,-1.1716440916061401,10.281532287597656,-2.8475513458251953,5.784097671508789,4.133603572845459,7.770508766174316,-1.4831228256225586,13.373397827148438,-9.33016300201416,8.651665687561035,5044.502397017045,2537.7562855325637,0.11759334415584416,0.012858275324106216
loic,confirm,pitch,-450.6799011230469,69.35625457763672,89.0562515258789,53.46405029296875,25.633590698242188,28.42350959777832,18.177968978881836,27.038253784179688,24.08379364013672,15.218993186950684,1.427899956703186,13.800742149353027,-2.2550973892211914,19.18548011779785,4.873862266540527,9.660653114318848,-4.948797702789307,13.45584774017334,5.722637176513672,5.642024040222168,-0.3490455448627472,9.05399227142334,-8.580105781555176,8.942683219909668,-9.659839630126953,6.721761226654053,4569.82421875,2257.1062269870013,0.09668646918402778,0.014418224804103374
loic,confirm,stretch,-444.4014892578125,66.41698455810547,87.69767761230469,49.57926940917969,30.591171264648438,34.558231353759766,17.81902313232422,24.252899169921875,25.3050537109375,13.888442039489746,8.985838890075684,16.070228576660156,-3.9614694118499756,16.850061416625977,7.849021911621094,9.245867729187012,-5.837804317474365,12.026657104492188,2.5431902408599854,10.725010871887207,5.03425407409668,9.603419303894043,3.49995756149292,6.36677885055542,-10.983787536621094,6.348642826080322,4789.659926470588,2271.1330038468973,0.0946499693627451,0.01522504910826683
loic,confirm,noise,-284.8196105957031,21.55154037475586,25.332002639770508,22.220703125,18.03814125061035,18.954172134399414,15.809891700744629,8.852672576904297,12.599227905273438,7.125907897949219,6.899285793304443,6.86709451675415,1.6164872646331787,7.8581671714782715,2.485257387161255,5.65819787979126,1.618277668952942,6.061946392059326,-0.2801918387413025,6.060214042663574,1.4723926782608032,4.629756450653076,0.5076780319213867,4.814301013946533,-2.2328288555145264,5.364135265350342,8707.23091020976,4316.193120574427,0.23306399828767124,0.01974627561867237
loic,approve,pitch,-506.6641540527344,86.48680877685547,71.91364288330078,52.20368194580078,34.878868103027344,21.971620559692383,27.190040588378906,18.91677474975586,15.299239158630371,13.804656982421875,11.277029991149902,25.312135696411133,-5.9500532150268555,18.86435890197754,9.863493919372559,5.535142421722412,-8.377232551574707,10.09091854095459,1.0974671840667725,7.160826683044434,-0.08732511103153229,12.318082809448242,-10.10399055480957,12.48689079284668,-6.809708118438721,7.522331714630127,5034.434925426136,2582.2304840552556,0.12662971793831168,0.010004180483520031
loic,approve,stretch,-504.16717529296875,88.74685668945312,73.50346374511719,53.90932846069336,34.5755729675293,19.752744674682617,31.51409339904785,19.06855010986328,17.106443405151367,19.296165466308594,18.598007202148438,20.042510986328125,-6.244869709014893,18.991945266723633,7.838175296783447,10.080389976501465,-1.4142528772354126,11.190815925598145,-3.8758625984191895,5.728062629699707,4.701361656188965,7.774106502532959,-0.8180334568023682,12.640384674072266,-9.306285858154297,7.737125873565674,5115.114524147727,2522.096169011114,0.11637073863636363,0.009256424382328987
loic,approve,noise,-296.02435302734375,19.546104431152344,17.522628784179688,20.637889862060547,17.1700382232666,12.322527885437012,14.009143829345703,11.27881145477295,8.800032615661621,10.718648910522461,6.364801406860352,6.34021520614624,0.6247105002403259,6.932708740234375,1.3703856468200684,5.015894889831543,1.2448298931121826,4.7176032066345215,-0.794685423374176,4.573779106140137,0.1708090752363205,5.838848114013672,-1.5370463132858276,6.895522594451904,-2.2174928188323975,5.610238552093506,8865.52734375,4663.973587642043,0.3148843344155844,0.014912953600287437
principie,approve,original,-385.7251281738281,80.39596557617188,91.03118133544922,45.89259719848633,19.17441749572754,19.70012664794922,42.92551803588867,21.13433837890625,8.53789234161377,17.813642501831055,21.411861419677734,16.90645980834961,7.197145462036133,9.980764389038086,16.543071746826172,8.392036437988281,-7.229201316833496,10.562714576721191,11.99433422088623,7.0857110023498535,-1.348315954208374,9.772180557250977,6.389693737030029,9.839936256408691,5.382090091705322,7.093567371368408,4166.6748046875,1899.433818529307,0.06349662885273973,0.023135170340538025
principie,confirm,original,-398.8265380859375,99.49665069580078,115.42032623291016,45.050357818603516,8.239238739013672,20.280452728271484,33.738956451416016,17.617717742919922,4.235722541809082,19.271556854248047,21.064767837524414,13.072863578796387,0.4955030083656311,13.252019882202148,20.554935455322266,9.957391738891602,-15.943880081176758,12.642423629760742,10.23446273803711,9.066356658935547,0.2016594409942627,6.895139217376709,9.925957679748535,6.630451679229736,3.585428476333618,6.105544567108154,3533.9126586914062,1713.0191804264666,0.06627739800347222,0.020387908443808556
principie,approve,pitch,-413.6554260253906,83.95532989501953,84.820068359375,45.87004852294922,26.698326110839844,24.018455505371094,37.51131820678711,17.661190032958984,9.59232234954834,16.848745346069336,17.453102111816406,15.520939826965332,9.164702415466309,9.362024307250977,7.816992282867432,8.883676528930664,-3.730242967605591,8.361746788024902,12.071145057678223,8.062004089355469,-2.3151113986968994,11.604890823364258,12.339607238769531,6.156874179840088,4.449822425842285,7.631813049316406,4723.440844392123,2124.1579807598787,0.07350973886986302,0.016538109630346298
principie,approve,stretch,-413.60302734375,85.10966491699219,89.130126953125,45.40394592285156,18.83538818359375,21.003028869628906,45.51993942260742,22.261791229248047,3.601278305053711,17.343172073364258,21.341516494750977,17.023120880126953,3.222379684448242,12.460943222045898,16.851503372192383,8.718390464782715,-10.287575721740723,10.834091186523438,13.337809562683105,7.3715033531188965,-4.311187267303467,10.141271591186523,5.4793381690979,9.886301040649414,2.417814016342163,7.989097595214844,4624.591827392578,2087.37372616887,0.0822296142578125,0.015515814535319805
principie,approve,noise,-273.9854431152344,40.0513916015625,29.567012786865234,31.742572784423828,25.169931411743164,13.56287956237793,23.182167053222656,15.221251487731934,11.298904418945312,11.291522026062012,13.234768867492676,11.792217254638672,9.950523376464844,6.794820785522461,8.485764503479004,6.598434925079346,4.238433361053467,8.392057418823242,6.404306888580322,5.882632732391357,4.417552947998047,7.432155609130859,4.221672058105469,7.955235481262207,4.758141040802002,5.409056186676025,8251.152175377156,4189.101957681402,0.16177262931034483,0.024086153134703636
principie,confirm,pitch,-397.2806091308594,103.66744995117188,105.26162719726562,46.59439468383789,16.29397201538086,23.356773376464844,23.27253532409668,22.38506317138672,6.27539587020874,16.41236114501953,15.265946388244629,10.008844375610352,4.744719982147217,11.744194984436035,9.616376876831055,7.3045654296875,-16.156017303466797,11.858542442321777,17.679336547851562,9.415931701660156,-0.020215937867760658,6.8793253898620605,15.720486640930176,7.358279705047607,1.1623814105987549,12.73923397064209,4149.863795230263,2005.7169176761738,0.08760793585526316,0.017573079094290733
principie,confirm,stretch,-415.25433349609375,105.68637084960938,113.99040222167969,40.6831169128418,12.268145561218262,19.339920043945312,32.4427375793457,20.5823917388916,1.2160611152648926,19.175796508789062,21.792512893676758,14.540946960449219,-1.4518637657165527,14.624205589294434,22.80753517150879,9.816740036010742,-18.311656951904297,13.17240047454834,9.674718856811523,10.311102867126465,-0.144263356924057,7.583611965179443,11.148569107055664,6.723735332489014,4.44935417175293,4.967426776885986,3841.245589717742,1759.4737737206283,0.07216061827956989,0.01579088717699051
principie,confirm,noise,-270.2145080566406,45.20235061645508,36.75755310058594,38.03070831298828,22.08453369140625,14.588293075561523,12.668404579162598,13.25052547454834,8.13017463684082,11.63387680053711,10.261296272277832,8.437530517578125,7.19191837310791,6.610450267791748,8.368544578552246,6.177487850189209,0.6715036034584045,9.691149711608887,3.6953299045562744,7.304556846618652,5.545934677124023,5.0268235206604,6.628202438354492,4.580981731414795,6.871178150177002,4.332624435424805,8178.804016113281,4193.639619651686,0.197265625,0.021431513130664825
