customer_id_legacy,transaction_id,purchase_amount,purchase_date,product_category,customer_rating,customer_id_new,social_media_platform,engagement_score,purchase_interest_score,review_sentiment,sentiment_numeric,engagement_sentiment_interaction,interest_value_ratio,sentiment_ordinal,platform_group,interest_density
151,1001,408,2024-01-01,Sports,2.3,A151,TikTok,61,1.3,Neutral,1.0,61.0,0.393939393939394,1,Social_Casual,0.020967741935483872
151,1001,408,2024-01-01,Sports,2.3,A151,Twitter,72,1.6,Neutral,1.0,72.0,0.4848484848484849,1,Professional_News,0.021917808219178082
151,1001,408,2024-01-01,Sports,2.3,A151,Twitter,82,3.6,Negative,0.5,41.0,1.090909090909091,0,Professional_News,0.043373493975903614
192,1002,332,2024-01-02,Electronics,4.2,A192,Instagram,60,4.3,Positive,1.5,90.0,0.8269230769230769,2,Social_Casual,0.07049180327868852
114,1003,442,2024-01-03,Electronics,2.1,A114,Facebook,87,4.8,Negative,0.5,43.5,1.5483870967741935,0,Social_Casual,0.05454545454545454
160,1005,64,2024-01-05,Clothing,1.3,A160,TikTok,56,2.6,Positive,1.5,84.0,1.1304347826086958,2,Social_Casual,0.0456140350877193
160,1005,64,2024-01-05,Clothing,1.3,A160,LinkedIn,73,2.0,Neutral,1.0,73.0,0.8695652173913044,1,Professional_News,0.02702702702702703
160,1005,64,2024-01-05,Clothing,1.3,A160,Instagram,89,2.9,Neutral,1.0,89.0,1.2608695652173914,1,Social_Casual,0.03222222222222222
120,1006,395,2024-01-06,Groceries,1.1,A120,Facebook,83,1.4,Positive,1.5,124.5,0.6666666666666666,2,Social_Casual,0.016666666666666666
120,1006,395,2024-01-06,Groceries,1.1,A120,Instagram,56,3.0,Positive,1.5,84.0,1.4285714285714286,2,Social_Casual,0.05263157894736842
120,1006,395,2024-01-06,Groceries,1.1,A120,Instagram,92,3.6,Positive,1.5,138.0,1.7142857142857142,2,Social_Casual,0.03870967741935484
182,1007,91,2024-01-07,Sports,4.9,A182,Twitter,57,1.2,Negative,0.5,28.5,0.20338983050847456,0,Professional_News,0.020689655172413793
186,1008,429,2024-01-08,Clothing,4.3,A186,TikTok,79,2.8,Positive,1.5,118.5,0.5283018867924528,2,Social_Casual,0.034999999999999996
174,1009,228,2024-01-09,Electronics,3.8,A174,Facebook,95,2.9,Neutral,1.0,95.0,0.6041666666666666,1,Social_Casual,0.030208333333333334
174,1009,228,2024-01-09,Electronics,3.8,A174,TikTok,64,3.8,Positive,1.5,96.0,0.7916666666666666,2,Social_Casual,0.05846153846153846
174,1010,112,2024-01-10,Sports,2.6,A174,Facebook,95,2.9,Neutral,1.0,95.0,0.8055555555555555,1,Social_Casual,0.030208333333333334
174,1010,112,2024-01-10,Sports,2.6,A174,TikTok,64,3.8,Positive,1.5,96.0,1.0555555555555556,2,Social_Casual,0.05846153846153846
187,1011,401,2024-01-11,Sports,1.7,A187,LinkedIn,97,4.4,Negative,0.5,48.5,1.6296296296296298,0,Professional_News,0.04489795918367347
187,1011,401,2024-01-11,Sports,1.7,A187,Instagram,71,2.5,Neutral,1.0,71.0,0.9259259259259258,1,Social_Casual,0.034722222222222224
187,1011,401,2024-01-11,Sports,1.7,A187,Twitter,89,1.3,Negative,0.5,44.5,0.48148148148148145,0,Professional_News,0.014444444444444446
199,1012,280,2024-01-12,Electronics,1.6,A199,LinkedIn,57,1.8,Positive,1.5,85.5,0.6923076923076923,2,Professional_News,0.03103448275862069
102,1014,101,2024-01-14,Electronics,3.2,A102,LinkedIn,51,4.8,Neutral,1.0,51.0,1.1428571428571428,1,Professional_News,0.0923076923076923
121,1015,145,2024-01-15,Sports,3.9,A121,LinkedIn,74,3.5,Positive,1.5,111.0,0.7142857142857142,2,Professional_News,0.04666666666666667
121,1015,145,2024-01-15,Sports,3.9,A121,TikTok,95,3.2,Neutral,1.0,95.0,0.6530612244897959,1,Social_Casual,0.03333333333333333
152,1016,437,2024-01-16,Books,3.6,A152,Facebook,95,4.1,Positive,1.5,142.5,0.8913043478260869,2,Social_Casual,0.04270833333333333
152,1016,437,2024-01-16,Books,3.6,A152,Instagram,81,4.2,Positive,1.5,121.5,0.9130434782608696,2,Social_Casual,0.051219512195121955
101,1017,271,2024-01-17,Books,2.1,A101,Twitter,68,1.0,Neutral,1.0,68.0,0.3225806451612903,1,Professional_News,0.014492753623188406
187,1018,456,2024-01-18,Groceries,4.8,A187,LinkedIn,97,4.4,Negative,0.5,48.5,0.7586206896551725,0,Professional_News,0.04489795918367347
187,1018,456,2024-01-18,Groceries,4.8,A187,Instagram,71,2.5,Neutral,1.0,71.0,0.4310344827586207,1,Social_Casual,0.034722222222222224
187,1018,456,2024-01-18,Groceries,4.8,A187,Twitter,89,1.3,Negative,0.5,44.5,0.22413793103448276,0,Professional_News,0.014444444444444446
129,1019,280,2024-01-19,Electronics,4.0,A129,Twitter,54,4.5,Neutral,1.0,54.0,0.9,1,Professional_News,0.08181818181818182
137,1020,286,2024-01-20,Electronics,3.2,A137,LinkedIn,93,3.5,Neutral,1.0,93.0,0.8333333333333333,1,Professional_News,0.03723404255319149
137,1020,286,2024-01-20,Electronics,3.2,A137,TikTok,99,3.1,Positive,1.5,148.5,0.7380952380952381,2,Social_Casual,0.031
101,1021,192,2024-01-21,Groceries,3.4,A101,Twitter,68,1.0,Neutral,1.0,68.0,0.22727272727272727,1,Professional_News,0.014492753623188406
163,1022,220,2024-01-22,Groceries,2.7,A163,TikTok,53,4.0,Neutral,1.0,53.0,1.081081081081081,1,Social_Casual,0.07407407407407407
163,1022,220,2024-01-22,Groceries,2.7,A163,TikTok,96,3.2,Neutral,1.0,96.0,0.8648648648648649,1,Social_Casual,0.032989690721649485
120,1024,85,2024-01-24,Sports,2.4,A120,Facebook,83,1.4,Positive,1.5,124.5,0.4117647058823529,2,Social_Casual,0.016666666666666666
120,1024,85,2024-01-24,Sports,2.4,A120,Instagram,56,3.0,Positive,1.5,84.0,0.8823529411764706,2,Social_Casual,0.05263157894736842
120,1024,85,2024-01-24,Sports,2.4,A120,Instagram,92,3.6,Positive,1.5,138.0,1.0588235294117647,2,Social_Casual,0.03870967741935484
132,1025,62,2024-01-25,Electronics,4.0,A132,LinkedIn,63,3.3,Positive,1.5,94.5,0.6599999999999999,2,Professional_News,0.0515625
121,1028,236,2024-01-28,Electronics,1.2,A121,LinkedIn,74,3.5,Positive,1.5,111.0,1.5909090909090908,2,Professional_News,0.04666666666666667
121,1028,236,2024-01-28,Electronics,1.2,A121,TikTok,95,3.2,Neutral,1.0,95.0,1.4545454545454546,1,Social_Casual,0.03333333333333333
188,1029,292,2024-01-29,Sports,1.2,A188,TikTok,50,3.6,Positive,1.5,75.0,1.6363636363636362,2,Social_Casual,0.07058823529411765
148,1030,135,2024-01-30,Sports,4.4,A148,Facebook,75,1.7,Neutral,1.0,75.0,0.31481481481481477,1,Social_Casual,0.02236842105263158
190,1031,333,2024-01-31,Groceries,3.8,A190,Twitter,82,4.8,Neutral,1.0,82.0,1.0,1,Professional_News,0.057831325301204814
158,1032,115,2024-02-01,Electronics,2.9,A158,LinkedIn,63,1.4,Negative,0.5,31.5,0.358974358974359,0,Professional_News,0.021875
158,1032,115,2024-02-01,Electronics,2.9,A158,Twitter,83,4.5,Neutral,1.0,83.0,1.153846153846154,1,Professional_News,0.05357142857142857
158,1032,115,2024-02-01,Electronics,2.9,A158,Instagram,81,2.8,Positive,1.5,121.5,0.717948717948718,2,Social_Casual,0.03414634146341463
141,1033,219,2024-02-02,Groceries,1.4,A141,TikTok,93,3.9,Negative,0.5,46.5,1.625,0,Social_Casual,0.04148936170212766
141,1033,219,2024-02-02,Groceries,1.4,A141,LinkedIn,96,2.8,Neutral,1.0,96.0,1.1666666666666667,1,Professional_News,0.028865979381443297
191,1034,94,2024-02-03,Electronics,3.0,A191,Facebook,92,2.1,Positive,1.5,138.0,0.525,2,Social_Casual,0.022580645161290325
179,1036,490,2024-02-05,Clothing,1.7,A179,Twitter,50,3.0,Negative,0.5,25.0,1.111111111111111,0,Professional_News,0.058823529411764705
114,1037,183,2024-02-06,Clothing,2.7,A114,Facebook,87,4.8,Negative,0.5,43.5,1.2972972972972971,0,Social_Casual,0.05454545454545454
146,1040,157,2024-02-09,Books,3.5,A146,Twitter,69,3.9,Negative,0.5,34.5,0.8666666666666667,0,Professional_News,0.055714285714285716
146,1040,157,2024-02-09,Books,3.5,A146,Facebook,81,2.9,Neutral,1.0,81.0,0.6444444444444444,1,Social_Casual,0.03536585365853658
150,1042,389,2024-02-11,Sports,3.0,A150,Facebook,96,1.6,Positive,1.5,144.0,0.4,2,Social_Casual,0.016494845360824743
150,1042,389,2024-02-11,Sports,3.0,A150,LinkedIn,86,3.6,Neutral,1.0,86.0,0.9,1,Professional_News,0.041379310344827586
150,1042,389,2024-02-11,Sports,3.0,A150,Facebook,67,3.0,Neutral,1.0,67.0,0.75,1,Social_Casual,0.04411764705882353
154,1043,335,2024-02-12,Electronics,3.0,A154,TikTok,72,2.9,Positive,1.5,108.0,0.725,2,Social_Casual,0.03972602739726027
163,1044,495,2024-02-13,Sports,3.0,A163,TikTok,53,4.0,Neutral,1.0,53.0,1.0,1,Social_Casual,0.07407407407407407
163,1044,495,2024-02-13,Sports,3.0,A163,TikTok,96,3.2,Neutral,1.0,96.0,0.8,1,Social_Casual,0.032989690721649485
102,1045,380,2024-02-14,Electronics,4.4,A102,LinkedIn,51,4.8,Neutral,1.0,51.0,0.8888888888888888,1,Professional_News,0.0923076923076923
150,1046,177,2024-02-15,Books,3.6,A150,Facebook,96,1.6,Positive,1.5,144.0,0.3478260869565218,2,Social_Casual,0.016494845360824743
150,1046,177,2024-02-15,Books,3.6,A150,LinkedIn,86,3.6,Neutral,1.0,86.0,0.782608695652174,1,Professional_News,0.041379310344827586
150,1046,177,2024-02-15,Books,3.6,A150,Facebook,67,3.0,Neutral,1.0,67.0,0.6521739130434783,1,Social_Casual,0.04411764705882353
106,1047,397,2024-02-16,Sports,1.7,A106,Facebook,99,4.2,Negative,0.5,49.5,1.5555555555555556,0,Social_Casual,0.042
120,1048,280,2024-02-17,Groceries,1.3,A120,Facebook,83,1.4,Positive,1.5,124.5,0.6086956521739131,2,Social_Casual,0.016666666666666666
120,1048,280,2024-02-17,Groceries,1.3,A120,Instagram,56,3.0,Positive,1.5,84.0,1.3043478260869565,2,Social_Casual,0.05263157894736842
120,1048,280,2024-02-17,Groceries,1.3,A120,Instagram,92,3.6,Positive,1.5,138.0,1.565217391304348,2,Social_Casual,0.03870967741935484
172,1049,239,2024-02-18,Electronics,3.6,A172,TikTok,56,2.7,Negative,0.5,28.0,0.5869565217391305,0,Social_Casual,0.04736842105263158
138,1050,274,2024-02-19,Electronics,1.1,A138,LinkedIn,88,3.5,Positive,1.5,132.0,1.6666666666666665,2,Professional_News,0.03932584269662921
117,1051,434,2024-02-20,Sports,3.3,A117,LinkedIn,98,3.8,Neutral,1.0,98.0,0.8837209302325582,1,Professional_News,0.03838383838383838
117,1051,434,2024-02-20,Sports,3.3,A117,LinkedIn,78,3.9,Neutral,1.0,78.0,0.9069767441860466,1,Professional_News,0.049367088607594936
103,1052,426,2024-02-21,Groceries,4.8,A103,Instagram,77,2.3,Positive,1.5,115.5,0.396551724137931,2,Social_Casual,0.029487179487179487
103,1052,426,2024-02-21,Groceries,4.8,A103,Facebook,58,3.6,Positive,1.5,87.0,0.6206896551724138,2,Social_Casual,0.061016949152542375
103,1052,426,2024-02-21,Groceries,4.8,A103,Instagram,58,2.7,Negative,0.5,29.0,0.4655172413793104,0,Social_Casual,0.04576271186440678
188,1053,332,2024-02-22,Groceries,3.3,A188,TikTok,50,3.6,Positive,1.5,75.0,0.8372093023255814,2,Social_Casual,0.07058823529411765
113,1055,170,2024-02-24,Groceries,3.6,A113,Facebook,98,2.7,Neutral,1.0,98.0,0.5869565217391305,1,Social_Casual,0.027272727272727275
113,1055,170,2024-02-24,Groceries,3.6,A113,Instagram,50,1.0,Positive,1.5,75.0,0.2173913043478261,2,Social_Casual,0.0196078431372549
189,1057,282,2024-02-26,Groceries,3.2,A189,LinkedIn,78,2.7,Negative,0.5,39.0,0.6428571428571429,0,Professional_News,0.03417721518987342
189,1057,282,2024-02-26,Groceries,3.2,A189,TikTok,99,4.1,Neutral,1.0,99.0,0.976190476190476,1,Social_Casual,0.040999999999999995
189,1057,282,2024-02-26,Groceries,3.2,A189,Facebook,94,3.8,Negative,0.5,47.0,0.9047619047619047,0,Social_Casual,0.04
189,1057,282,2024-02-26,Groceries,3.2,A189,Twitter,59,3.8,Neutral,1.0,59.0,0.9047619047619047,1,Professional_News,0.06333333333333332
189,1057,282,2024-02-26,Groceries,3.2,A189,Twitter,59,3.8,Neutral,1.0,59.0,0.9047619047619047,1,Professional_News,0.06333333333333332
152,1058,308,2024-02-27,Clothing,4.8,A152,Facebook,95,4.1,Positive,1.5,142.5,0.7068965517241379,2,Social_Casual,0.04270833333333333
152,1058,308,2024-02-27,Clothing,4.8,A152,Instagram,81,4.2,Positive,1.5,121.5,0.7241379310344828,2,Social_Casual,0.051219512195121955
101,1059,408,2024-02-28,Books,2.5,A101,Twitter,68,1.0,Neutral,1.0,68.0,0.2857142857142857,1,Professional_News,0.014492753623188406
183,1060,247,2024-02-29,Electronics,4.8,A183,TikTok,90,4.1,Positive,1.5,135.0,0.7068965517241379,2,Social_Casual,0.045054945054945054
183,1060,247,2024-02-29,Electronics,4.8,A183,TikTok,72,5.0,Positive,1.5,108.0,0.8620689655172414,2,Social_Casual,0.0684931506849315
191,1061,460,2024-03-01,Sports,4.6,A191,Facebook,92,2.1,Positive,1.5,138.0,0.37500000000000006,2,Social_Casual,0.022580645161290325
143,1064,214,2024-03-04,Sports,1.4,A143,Instagram,68,1.2,Negative,0.5,34.0,0.5,0,Social_Casual,0.017391304347826087
107,1065,274,2024-03-05,Books,1.1,A107,Twitter,96,1.9,Neutral,1.0,96.0,0.9047619047619047,1,Professional_News,0.01958762886597938
107,1065,274,2024-03-05,Books,1.1,A107,Facebook,62,4.4,Positive,1.5,93.0,2.0952380952380953,2,Social_Casual,0.06984126984126984
107,1065,274,2024-03-05,Books,1.1,A107,Twitter,73,4.2,Positive,1.5,109.5,2.0,2,Professional_News,0.05675675675675676
146,1066,356,2024-03-06,Groceries,1.4,A146,Twitter,69,3.9,Negative,0.5,34.5,1.625,0,Professional_News,0.055714285714285716
146,1066,356,2024-03-06,Groceries,1.4,A146,Facebook,81,2.9,Neutral,1.0,81.0,1.2083333333333333,1,Social_Casual,0.03536585365853658
177,1068,221,2024-03-08,Groceries,1.3,A177,LinkedIn,77,1.4,Positive,1.5,115.5,0.6086956521739131,2,Professional_News,0.017948717948717947
177,1068,221,2024-03-08,Groceries,1.3,A177,Twitter,65,1.3,Positive,1.5,97.5,0.5652173913043479,2,Professional_News,0.0196969696969697
180,1069,201,2024-03-09,Electronics,2.3,A180,Facebook,57,3.8,Negative,0.5,28.5,1.1515151515151516,0,Social_Casual,0.06551724137931034
180,1069,201,2024-03-09,Electronics,2.3,A180,LinkedIn,98,2.1,Negative,0.5,49.0,0.6363636363636365,0,Professional_News,0.021212121212121213
135,1070,364,2024-03-10,Electronics,3.0,A135,TikTok,50,1.6,Positive,1.5,75.0,0.4,2,Social_Casual,0.03137254901960784
149,1071,423,2024-03-11,Sports,1.1,A149,Facebook,51,1.3,Positive,1.5,76.5,0.6190476190476191,2,Social_Casual,0.025
103,1072,209,2024-03-12,Sports,4.3,A103,Instagram,77,2.3,Positive,1.5,115.5,0.43396226415094336,2,Social_Casual,0.029487179487179487
103,1072,209,2024-03-12,Sports,4.3,A103,Facebook,58,3.6,Positive,1.5,87.0,0.679245283018868,2,Social_Casual,0.061016949152542375
103,1072,209,2024-03-12,Sports,4.3,A103,Instagram,58,2.7,Negative,0.5,29.0,0.5094339622641509,0,Social_Casual,0.04576271186440678
101,1073,145,2024-03-13,Books,2.1,A101,Twitter,68,1.0,Neutral,1.0,68.0,0.3225806451612903,1,Professional_News,0.014492753623188406
105,1074,282,2024-03-14,Books,1.5,A105,LinkedIn,50,4.9,Neutral,1.0,50.0,1.9600000000000002,1,Professional_News,0.09607843137254903
105,1074,282,2024-03-14,Books,1.5,A105,Instagram,52,3.6,Neutral,1.0,52.0,1.44,1,Social_Casual,0.06792452830188679
103,1076,162,2024-03-16,Sports,3.5,A103,Instagram,77,2.3,Positive,1.5,115.5,0.5111111111111111,2,Social_Casual,0.029487179487179487
103,1076,162,2024-03-16,Sports,3.5,A103,Facebook,58,3.6,Positive,1.5,87.0,0.8,2,Social_Casual,0.061016949152542375
103,1076,162,2024-03-16,Sports,3.5,A103,Instagram,58,2.7,Negative,0.5,29.0,0.6000000000000001,0,Social_Casual,0.04576271186440678
192,1078,491,2024-03-18,Books,3.9,A192,Instagram,60,4.3,Positive,1.5,90.0,0.8775510204081631,2,Social_Casual,0.07049180327868852
162,1079,101,2024-03-19,Books,4.2,A162,Twitter,89,2.6,Positive,1.5,133.5,0.5,2,Professional_News,0.02888888888888889
162,1079,101,2024-03-19,Books,4.2,A162,Twitter,71,4.8,Positive,1.5,106.5,0.923076923076923,2,Professional_News,0.06666666666666667
162,1079,101,2024-03-19,Books,4.2,A162,Twitter,71,4.8,Positive,1.5,106.5,0.923076923076923,2,Professional_News,0.06666666666666667
117,1080,317,2024-03-20,Electronics,2.1,A117,LinkedIn,98,3.8,Neutral,1.0,98.0,1.225806451612903,1,Professional_News,0.03838383838383838
117,1080,317,2024-03-20,Electronics,2.1,A117,LinkedIn,78,3.9,Neutral,1.0,78.0,1.2580645161290323,1,Professional_News,0.049367088607594936
189,1081,344,2024-03-21,Books,3.0,A189,LinkedIn,78,2.7,Negative,0.5,39.0,0.675,0,Professional_News,0.03417721518987342
189,1081,344,2024-03-21,Books,3.0,A189,TikTok,99,4.1,Neutral,1.0,99.0,1.025,1,Social_Casual,0.040999999999999995
189,1081,344,2024-03-21,Books,3.0,A189,Facebook,94,3.8,Negative,0.5,47.0,0.95,0,Social_Casual,0.04
189,1081,344,2024-03-21,Books,3.0,A189,Twitter,59,3.8,Neutral,1.0,59.0,0.95,1,Professional_News,0.06333333333333332
189,1081,344,2024-03-21,Books,3.0,A189,Twitter,59,3.8,Neutral,1.0,59.0,0.95,1,Professional_News,0.06333333333333332
143,1082,435,2024-03-22,Groceries,4.0,A143,Instagram,68,1.2,Negative,0.5,34.0,0.24,0,Social_Casual,0.017391304347826087
133,1083,436,2024-03-23,Sports,4.2,A133,Twitter,72,1.9,Positive,1.5,108.0,0.36538461538461536,2,Professional_News,0.02602739726027397
133,1083,436,2024-03-23,Sports,4.2,A133,Twitter,71,4.8,Negative,0.5,35.5,0.923076923076923,0,Professional_News,0.06666666666666667
133,1083,436,2024-03-23,Sports,4.2,A133,Instagram,52,2.7,Positive,1.5,78.0,0.5192307692307693,2,Social_Casual,0.0509433962264151
173,1084,162,2024-03-24,Electronics,5.0,A173,TikTok,63,4.3,Negative,0.5,31.5,0.7166666666666667,0,Social_Casual,0.0671875
173,1084,162,2024-03-24,Electronics,5.0,A173,Facebook,78,3.9,Negative,0.5,39.0,0.65,0,Social_Casual,0.049367088607594936
199,1086,162,2024-03-26,Books,2.5,A199,LinkedIn,57,1.8,Positive,1.5,85.5,0.5142857142857143,2,Professional_News,0.03103448275862069
113,1087,489,2024-03-27,Books,4.1,A113,Facebook,98,2.7,Neutral,1.0,98.0,0.5294117647058825,1,Social_Casual,0.027272727272727275
113,1087,489,2024-03-27,Books,4.1,A113,Instagram,50,1.0,Positive,1.5,75.0,0.19607843137254904,2,Social_Casual,0.0196078431372549
194,1088,130,2024-03-28,Electronics,2.4,A194,LinkedIn,89,4.0,Negative,0.5,44.5,1.1764705882352942,0,Professional_News,0.044444444444444446
147,1089,236,2024-03-29,Groceries,3.0,A147,Twitter,77,1.5,Neutral,1.0,77.0,0.375,1,Professional_News,0.019230769230769232
114,1090,162,2024-03-30,Clothing,4.4,A114,Facebook,87,4.8,Negative,0.5,43.5,0.8888888888888888,0,Social_Casual,0.05454545454545454
177,1092,179,2024-04-01,Clothing,4.0,A177,LinkedIn,77,1.4,Positive,1.5,115.5,0.27999999999999997,2,Professional_News,0.017948717948717947
177,1092,179,2024-04-01,Clothing,4.0,A177,Twitter,65,1.3,Positive,1.5,97.5,0.26,2,Professional_News,0.0196969696969697
186,1093,269,2024-04-02,Clothing,4.0,A186,TikTok,79,2.8,Positive,1.5,118.5,0.5599999999999999,2,Social_Casual,0.034999999999999996
139,1095,392,2024-04-04,Clothing,4.6,A139,Twitter,72,4.0,Negative,0.5,36.0,0.7142857142857143,0,Professional_News,0.0547945205479452
179,1097,274,2024-04-06,Groceries,4.3,A179,Twitter,50,3.0,Negative,0.5,25.0,0.5660377358490566,0,Professional_News,0.058823529411764705
181,1098,434,2024-04-07,Clothing,3.0,A181,Twitter,66,2.1,Positive,1.5,99.0,0.525,2,Professional_News,0.03134328358208956
152,1099,452,2024-04-08,Clothing,4.6,A152,Facebook,95,4.1,Positive,1.5,142.5,0.7321428571428571,2,Social_Casual,0.04270833333333333
152,1099,452,2024-04-08,Clothing,4.6,A152,Instagram,81,4.2,Positive,1.5,121.5,0.7500000000000001,2,Social_Casual,0.051219512195121955
125,1101,179,2024-04-10,Electronics,3.0,A125,LinkedIn,66,4.7,Positive,1.5,99.0,1.175,2,Professional_News,0.07014925373134329
125,1101,179,2024-04-10,Electronics,3.0,A125,Facebook,56,3.2,Neutral,1.0,56.0,0.8,1,Social_Casual,0.056140350877192984
125,1101,179,2024-04-10,Electronics,3.0,A125,Twitter,67,4.9,Positive,1.5,100.5,1.225,2,Professional_News,0.07205882352941177
125,1101,179,2024-04-10,Electronics,3.0,A125,Twitter,77,2.5,Positive,1.5,115.5,0.625,2,Professional_News,0.03205128205128205
125,1101,179,2024-04-10,Electronics,3.0,A125,LinkedIn,66,4.7,Positive,1.5,99.0,1.175,2,Professional_News,0.07014925373134329
188,1102,102,2024-04-11,Electronics,4.6,A188,TikTok,50,3.6,Positive,1.5,75.0,0.6428571428571429,2,Social_Casual,0.07058823529411765
140,1104,267,2024-04-13,Groceries,2.3,A140,LinkedIn,86,3.1,Negative,0.5,43.0,0.9393939393939394,0,Professional_News,0.035632183908045977
128,1105,209,2024-04-14,Books,4.8,A128,Facebook,98,3.5,Positive,1.5,147.0,0.603448275862069,2,Social_Casual,0.03535353535353535
114,1106,247,2024-04-15,Clothing,4.8,A114,Facebook,87,4.8,Negative,0.5,43.5,0.8275862068965517,0,Social_Casual,0.05454545454545454
144,1107,465,2024-04-16,Clothing,3.3,A144,Twitter,70,1.3,Positive,1.5,105.0,0.3023255813953489,2,Professional_News,0.018309859154929577
188,1109,373,2024-04-18,Clothing,2.8,A188,TikTok,50,3.6,Positive,1.5,75.0,0.9473684210526316,2,Social_Casual,0.07058823529411765
187,1112,233,2024-04-21,Sports,3.7,A187,LinkedIn,97,4.4,Negative,0.5,48.5,0.9361702127659575,0,Professional_News,0.04489795918367347
187,1112,233,2024-04-21,Sports,3.7,A187,Instagram,71,2.5,Neutral,1.0,71.0,0.5319148936170213,1,Social_Casual,0.034722222222222224
187,1112,233,2024-04-21,Sports,3.7,A187,Twitter,89,1.3,Negative,0.5,44.5,0.2765957446808511,0,Professional_News,0.014444444444444446
100,1113,172,2024-04-22,Clothing,4.0,A100,Twitter,73,4.4,Negative,0.5,36.5,0.8800000000000001,0,Professional_News,0.05945945945945946
100,1113,172,2024-04-22,Clothing,4.0,A100,Instagram,81,4.4,Neutral,1.0,81.0,0.8800000000000001,1,Social_Casual,0.05365853658536586
107,1114,450,2024-04-23,Electronics,4.2,A107,Twitter,96,1.9,Neutral,1.0,96.0,0.36538461538461536,1,Professional_News,0.01958762886597938
107,1114,450,2024-04-23,Electronics,4.2,A107,Facebook,62,4.4,Positive,1.5,93.0,0.8461538461538461,2,Social_Casual,0.06984126984126984
107,1114,450,2024-04-23,Electronics,4.2,A107,Twitter,73,4.2,Positive,1.5,109.5,0.8076923076923077,2,Professional_News,0.05675675675675676
187,1115,304,2024-04-24,Sports,4.2,A187,LinkedIn,97,4.4,Negative,0.5,48.5,0.8461538461538461,0,Professional_News,0.04489795918367347
187,1115,304,2024-04-24,Sports,4.2,A187,Instagram,71,2.5,Neutral,1.0,71.0,0.4807692307692307,1,Social_Casual,0.034722222222222224
187,1115,304,2024-04-24,Sports,4.2,A187,Twitter,89,1.3,Negative,0.5,44.5,0.25,0,Professional_News,0.014444444444444446
162,1116,343,2024-04-25,Books,1.4,A162,Twitter,89,2.6,Positive,1.5,133.5,1.0833333333333335,2,Professional_News,0.02888888888888889
162,1116,343,2024-04-25,Books,1.4,A162,Twitter,71,4.8,Positive,1.5,106.5,2.0,2,Professional_News,0.06666666666666667
162,1116,343,2024-04-25,Books,1.4,A162,Twitter,71,4.8,Positive,1.5,106.5,2.0,2,Professional_News,0.06666666666666667
180,1118,374,2024-04-27,Electronics,1.2,A180,Facebook,57,3.8,Negative,0.5,28.5,1.727272727272727,0,Social_Casual,0.06551724137931034
180,1118,374,2024-04-27,Electronics,1.2,A180,LinkedIn,98,2.1,Negative,0.5,49.0,0.9545454545454545,0,Professional_News,0.021212121212121213
107,1119,421,2024-04-28,Sports,3.2,A107,Twitter,96,1.9,Neutral,1.0,96.0,0.45238095238095233,1,Professional_News,0.01958762886597938
107,1119,421,2024-04-28,Sports,3.2,A107,Facebook,62,4.4,Positive,1.5,93.0,1.0476190476190477,2,Social_Casual,0.06984126984126984
107,1119,421,2024-04-28,Sports,3.2,A107,Twitter,73,4.2,Positive,1.5,109.5,1.0,2,Professional_News,0.05675675675675676
132,1122,444,2024-05-01,Clothing,2.4,A132,LinkedIn,63,3.3,Positive,1.5,94.5,0.9705882352941176,2,Professional_News,0.0515625
104,1123,289,2024-05-02,Clothing,1.5,A104,Twitter,91,4.6,Negative,0.5,45.5,1.8399999999999999,0,Professional_News,0.049999999999999996
104,1123,289,2024-05-02,Clothing,1.5,A104,Twitter,76,1.6,Negative,0.5,38.0,0.64,0,Professional_News,0.02077922077922078
104,1123,289,2024-05-02,Clothing,1.5,A104,Facebook,82,2.6,Neutral,1.0,82.0,1.04,1,Social_Casual,0.03132530120481928
140,1124,193,2024-05-03,Groceries,1.6,A140,LinkedIn,86,3.1,Negative,0.5,43.0,1.1923076923076923,0,Professional_News,0.035632183908045977
127,1125,146,2024-05-04,Electronics,4.0,A127,Instagram,78,3.4,Negative,0.5,39.0,0.6799999999999999,0,Social_Casual,0.043037974683544304
127,1125,146,2024-05-04,Electronics,4.0,A127,Twitter,57,4.0,Positive,1.5,85.5,0.8,2,Professional_News,0.06896551724137931
106,1126,250,2024-05-05,Clothing,3.5,A106,Facebook,99,4.2,Negative,0.5,49.5,0.9333333333333333,0,Social_Casual,0.042
172,1127,173,2024-05-06,Books,1.4,A172,TikTok,56,2.7,Negative,0.5,28.0,1.1250000000000002,0,Social_Casual,0.04736842105263158
111,1129,375,2024-05-08,Clothing,3.8,A111,Instagram,98,4.1,Negative,0.5,49.0,0.8541666666666666,0,Social_Casual,0.04141414141414141
133,1130,398,2024-05-09,Electronics,1.3,A133,Twitter,72,1.9,Positive,1.5,108.0,0.8260869565217391,2,Professional_News,0.02602739726027397
133,1130,398,2024-05-09,Electronics,1.3,A133,Twitter,71,4.8,Negative,0.5,35.5,2.0869565217391304,0,Professional_News,0.06666666666666667
133,1130,398,2024-05-09,Electronics,1.3,A133,Instagram,52,2.7,Positive,1.5,78.0,1.173913043478261,2,Social_Casual,0.0509433962264151
132,1131,308,2024-05-10,Sports,4.3,A132,LinkedIn,63,3.3,Positive,1.5,94.5,0.6226415094339622,2,Professional_News,0.0515625
147,1132,197,2024-05-11,Clothing,3.8,A147,Twitter,77,1.5,Neutral,1.0,77.0,0.3125,1,Professional_News,0.019230769230769232
122,1133,301,2024-05-12,Groceries,1.3,A122,Instagram,85,1.7,Neutral,1.0,85.0,0.7391304347826088,1,Social_Casual,0.019767441860465116
122,1133,301,2024-05-12,Groceries,1.3,A122,Twitter,77,4.2,Neutral,1.0,77.0,1.8260869565217392,1,Professional_News,0.05384615384615385
187,1135,469,2024-05-14,Books,4.9,A187,LinkedIn,97,4.4,Negative,0.5,48.5,0.7457627118644068,0,Professional_News,0.04489795918367347
187,1135,469,2024-05-14,Books,4.9,A187,Instagram,71,2.5,Neutral,1.0,71.0,0.423728813559322,1,Social_Casual,0.034722222222222224
187,1135,469,2024-05-14,Books,4.9,A187,Twitter,89,1.3,Negative,0.5,44.5,0.22033898305084745,0,Professional_News,0.014444444444444446
198,1137,395,2024-05-16,Books,2.5,A198,Instagram,79,4.8,Positive,1.5,118.5,1.3714285714285714,2,Social_Casual,0.06
198,1137,395,2024-05-16,Books,2.5,A198,Facebook,79,1.3,Negative,0.5,39.5,0.37142857142857144,0,Social_Casual,0.01625
143,1138,196,2024-05-17,Sports,4.3,A143,Instagram,68,1.2,Negative,0.5,34.0,0.22641509433962265,0,Social_Casual,0.017391304347826087
185,1139,197,2024-05-18,Sports,4.8,A185,TikTok,90,3.4,Neutral,1.0,90.0,0.5862068965517241,1,Social_Casual,0.03736263736263736
185,1139,197,2024-05-18,Sports,4.8,A185,Facebook,78,2.4,Positive,1.5,117.0,0.41379310344827586,2,Social_Casual,0.030379746835443037
185,1139,197,2024-05-18,Sports,4.8,A185,TikTok,59,3.6,Positive,1.5,88.5,0.6206896551724138,2,Social_Casual,0.060000000000000005
185,1139,197,2024-05-18,Sports,4.8,A185,TikTok,50,1.5,Negative,0.5,25.0,0.25862068965517243,0,Social_Casual,0.029411764705882353
190,1140,401,2024-05-19,Sports,4.9,A190,Twitter,82,4.8,Neutral,1.0,82.0,0.8135593220338982,1,Professional_News,0.057831325301204814
198,1143,466,2024-05-22,Books,3.0,A198,Instagram,79,4.8,Positive,1.5,118.5,1.2,2,Social_Casual,0.06
198,1143,466,2024-05-22,Books,3.0,A198,Facebook,79,1.3,Negative,0.5,39.5,0.325,0,Social_Casual,0.01625
146,1144,473,2024-05-23,Sports,4.1,A146,Twitter,69,3.9,Negative,0.5,34.5,0.7647058823529412,0,Professional_News,0.055714285714285716
146,1144,473,2024-05-23,Sports,4.1,A146,Facebook,81,2.9,Neutral,1.0,81.0,0.5686274509803921,1,Social_Casual,0.03536585365853658
177,1145,177,2024-05-24,Groceries,3.2,A177,LinkedIn,77,1.4,Positive,1.5,115.5,0.3333333333333333,2,Professional_News,0.017948717948717947
177,1145,177,2024-05-24,Groceries,3.2,A177,Twitter,65,1.3,Positive,1.5,97.5,0.30952380952380953,2,Professional_News,0.0196969696969697
102,1146,88,2024-05-25,Sports,2.7,A102,LinkedIn,51,4.8,Neutral,1.0,51.0,1.2972972972972971,1,Professional_News,0.0923076923076923
100,1147,387,2024-05-26,Books,4.6,A100,Twitter,73,4.4,Negative,0.5,36.5,0.7857142857142858,0,Professional_News,0.05945945945945946
100,1147,387,2024-05-26,Books,4.6,A100,Instagram,81,4.4,Neutral,1.0,81.0,0.7857142857142858,1,Social_Casual,0.05365853658536586
104,1148,409,2024-05-27,Clothing,1.4,A104,Twitter,91,4.6,Negative,0.5,45.5,1.9166666666666665,0,Professional_News,0.049999999999999996
104,1148,409,2024-05-27,Clothing,1.4,A104,Twitter,76,1.6,Negative,0.5,38.0,0.6666666666666667,0,Professional_News,0.02077922077922078
104,1148,409,2024-05-27,Clothing,1.4,A104,Facebook,82,2.6,Neutral,1.0,82.0,1.0833333333333335,1,Social_Casual,0.03132530120481928
189,1149,178,2024-05-28,Sports,3.0,A189,LinkedIn,78,2.7,Negative,0.5,39.0,0.675,0,Professional_News,0.03417721518987342
189,1149,178,2024-05-28,Sports,3.0,A189,TikTok,99,4.1,Neutral,1.0,99.0,1.025,1,Social_Casual,0.040999999999999995
189,1149,178,2024-05-28,Sports,3.0,A189,Facebook,94,3.8,Negative,0.5,47.0,0.95,0,Social_Casual,0.04
189,1149,178,2024-05-28,Sports,3.0,A189,Twitter,59,3.8,Neutral,1.0,59.0,0.95,1,Professional_News,0.06333333333333332
189,1149,178,2024-05-28,Sports,3.0,A189,Twitter,59,3.8,Neutral,1.0,59.0,0.95,1,Professional_News,0.06333333333333332
113,1150,316,2024-05-29,Clothing,1.0,A113,Facebook,98,2.7,Neutral,1.0,98.0,1.35,1,Social_Casual,0.027272727272727275
113,1150,316,2024-05-29,Clothing,1.0,A113,Instagram,50,1.0,Positive,1.5,75.0,0.5,2,Social_Casual,0.0196078431372549
